start,end,speaker,text
"00:00:03.430","00:00:14.550","1","Oke, berarti di bagian sini, sorry, di bagian sini nanti ada profik khususnya untuk perlengkapan orang."
"00:00:14.550","00:00:17.470","2","Oh, nggak muncul ya."
"00:00:27.090","00:00:28.850","1","Oke, udah muncul ya."
"00:00:33.430","00:00:46.450","1","Oke, berarti di bagian sini nanti ada topik khusus untuk penawaran dan penawarannya itu akan nyambung ke dalam sini ya Pak?"
"00:00:47.410","00:00:51.830","3","Iya, betul. Jadi misalnya topiknya diketik manual permintaan penawaran."
"00:00:52.610","00:00:56.730","3","Nah, mungkin ada opsi tombol aja buat penawaran gitu."
"00:00:57.810","00:01:01.750","3","Jadi jangan opsi di drop down topiknya ya?"
"00:01:03.430","00:01:07.650","3","Kalau topiknya kan mungkin teman-teman bisa manual, bisa dijelaskan, ngapain."
"00:01:07.650","00:01:11.980","1","Oh ya, benar. Jadi nanti kemungkinan ada dua opsi ya."
"00:01:12.250","00:01:21.060","1","Entah seleksi dari topik yang sudah kita studiakan, ataupun nanti bisa masukkan sendiri gitu ya."
"00:01:22.250","00:01:34.610","3","Iya, atau isian topiknya kalau sudah ditentukan, berarti buat master data lagi khusus terangkat topik ini atau nggak?"
"00:01:35.490","00:01:43.470","1","Bisa juga seperti itu kalau memang mau, tapi nanti bisa juga ada metanisnya, misalnya topiknya belum ada di sini nih."
"00:01:44.110","00:01:47.110","1","Kan ribet ya masuk ke master data lagi, tambah topik gitu kan ya."
"00:01:48.330","00:01:51.130","1","Nah, itu juga bisa misalnya kita ketik di sini nanti."
"00:01:52.370","00:01:54.330","1","Karena dia belum ada, jadi kita misalnya lembakan."
"00:01:54.490","00:01:55.990","1","Misalnya kayak RFQ deh."
"00:01:56.630","00:01:58.330","1","RFQ kalau nggak soleh tuh..."
"00:02:00.330","00:02:00.830","1","Apa ya?"
"00:02:02.330","00:02:07.350","1","Misalnya produk ini kan ada seleksinya, tapi kita bisa masukkan juga datanya gitu."
"00:02:08.050","00:02:11.530","1","Nanti bakal yang masuk itu kita jadi kenosok bakal gitu."
"00:02:11.930","00:02:18.440","3","Tapi kalau ini, kalau nama produk rasanya nanti kita mintanya nggak jadi opsi, tapi udah fix."
"00:02:18.810","00:02:25.270","3","Biar apa filter pada saat mencarinya, kategorinya nggak beragam kalau dari sisi saya sih."
"00:02:26.030","00:02:26.380","1","Oke."
"00:02:26.850","00:02:31.880","3","Jadi si pelanggan ini sudah ngefikskan bahwa topiknya itu membutuhnya itu gitu."
"00:02:32.830","00:02:36.190","3","Jadi takutnya nanti bahasanya ada perbedaan bahasa gitu ya."
"00:02:36.380","00:02:43.970","3","Atau cara pengetikan segala macam, kita pada saat searching mau up material apanya berbeda istilah aja sih."
"00:02:44.670","00:02:46.670","3","Kalau dari sisi ini ya, dari sisi form ini."
"00:02:46.790","00:02:53.330","3","Mungkin nanti yang form mungkin ada koreksi tambah kurang mungkin begitu ya."
"00:02:53.910","00:02:59.730","3","Mungkin nanti yang tadi poinnya sih pas yang di project, topiknya adalah..."
"00:02:59.730","00:03:04.850","3","Misalnya nanti sudah kita tertungkap juga pada saat topiknya adalah permintaan penawaran."
"00:03:04.850","00:03:13.430","3","Mungkin muncul tombol pembuatan penawaran, baru dia bisa masuk ke data monitoring penawaran."
"00:03:13.570","00:03:19.230","3","Jadi form penawaran ini tidak hanya bisa diisi oleh pihak external melalui..."
"00:03:19.230","00:03:20.630","3","Eh sorry, pertanyaan... ya..."
"00:03:20.630","00:03:23.670","3","Mungkin nanti itu juga bisa diisi sama internal gitu."
"00:03:23.930","00:03:26.830","3","Selaku tim salesnya sendiri gitu bisa ngisi."
"00:03:27.630","00:03:28.830","","Baik, bisa."
"00:03:28.830","00:03:30.330","1","Bisa seperti itu Pak."
"00:03:30.930","00:03:32.250","3","Gitu ya, nangkap poinnya ya mas ya?"
"00:03:32.770","00:03:33.550","3","Ya, nangkap."
"00:03:34.510","00:03:34.830","","Siap."
"00:03:35.930","00:03:36.630","3","Itu..."
"00:03:36.630","00:03:40.690","3","Termasuk di sini nih status opsinya apa aja mas?"
"00:03:41.690","00:03:46.470","1","Status dalam tinjauan direspon sama baru masuk gitu."
"00:03:48.470","00:03:55.470","3","Berarti kalau sudah dikatakanlah penawarannya sudah dikirimkan itu statusnya ke..."
"00:03:55.990","00:03:56.550","1","Sebaru."
"00:03:56.550","00:03:56.810","3","Direspon."
"00:03:57.690","00:03:58.510","3","Enggak, sudah dikirim."
"00:03:58.670","00:04:05.650","3","Misalnya ini permintaan penawaran kan masuk, DAS gitu kan sama tim salesnya direspon."
"00:04:06.690","00:04:07.750","1","Sudah dikirim..."
"00:04:07.750","00:04:08.690","1","Sudah dikirim..."
"00:04:08.690","00:04:09.110","1","Dalam tinjauan."
"00:04:09.190","00:04:12.890","3","Dalam tinjauan berarti kan lagi proses dibuat gitu kan penawarannya."
"00:04:12.890","00:04:13.090","3","Ya, betul."
"00:04:13.430","00:04:15.470","3","Kalau sudah dikirim berarti kan baru direspon gitu ya?"
"00:04:15.850","00:04:16.170","1","Betul."
"00:04:17.230","00:04:17.580","3","Oke."
"00:04:18.810","00:04:21.190","1","Ataupun memang ada status yang lain mungkin..."
"00:04:22.310","00:04:25.310","1","Kalau mau tambah juga bisa juga seperti itu."
"00:04:26.350","00:04:28.190","3","Sebetulnya statusnya nanti..."
"00:04:29.010","00:04:32.520","3","Di sini kan kalau lihat kolomnya..."
"00:04:32.520","00:04:37.310","3","Itu kan tidak ada kaitannya sama si proyek tadi."
"00:04:39.190","00:04:44.230","3","Nah, kalau dari sisi kami sebetulnya nama proyek itu juga penting."
"00:04:44.230","00:04:46.550","3","Jadi, semisal nih..."
"00:04:46.550","00:04:53.130","3","Proyek itu di inputnya manual sama timnya kami gitu ya, Mas."
"00:04:53.630","00:04:56.230","3","Ternyata pada saat permintaan penawaran..."
"00:04:56.230","00:04:59.990","3","Si pelanggan kita ini ngesubmit nama proyek baru."
"00:05:00.770","00:05:04.020","3","Nah, karena database di proyeknya kita belum ada."
"00:05:04.140","00:05:08.430","3","Jadi, si tim sales ini harus ngisi base data proyeknya dulu gitu."
"00:05:09.190","00:05:09.670","","Oke."
"00:05:10.350","00:05:12.230","3","Jadi, nanti biar di permintaan penawaran ini..."
"00:05:12.890","00:05:14.230","3","Bisa ada kolom muncul..."
"00:05:14.230","00:05:19.230","3","Nama proyek yang sinkron sama si proyek yang data internalnya kita..."
"00:05:19.230","00:05:20.170","3","Oh, baik."
"00:05:20.630","00:05:23.230","3","Misalkan mungkin nama proyeknya kita inputnya..."
"00:05:23.230","00:05:25.850","3","Katakanlah base datanya sudah ada nama proyek..."
"00:05:25.850","00:05:28.850","3","Misalnya pembangunan apartemen Makassar gitu ya."
"00:05:28.850","00:05:39.670","3","Ternyata si pelanggan kita memasukkannya proyek apartemen Tanjung Bunga Makassar."
"00:05:39.810","00:05:41.890","3","Padahal proyeknya sama-sama itu gitu."
"00:05:42.270","00:05:44.890","3","Nah, ketika si pelanggan masuk itu..."
"00:05:44.890","00:05:48.690","3","Tapi, kita tahu bahwa proyeknya itu adalah pembangunan apartemen Makassar itu..."
"00:05:48.690","00:05:49.670","3","Yang di base datanya kita..."
"00:05:49.670","00:05:51.030","3","Nah, itu di linkan gitu."
"00:05:51.730","00:05:54.170","3","Jadi, nanti nama PISD segala macem..."
"00:05:54.170","00:05:55.410","3","Prosesnya terlinkan."
"00:05:55.510","00:05:56.970","3","Termasuk status..."
"00:05:56.970","00:05:59.710","3","Status proyek ini sudah berhasil atau tidak..."
"00:05:59.710","00:06:01.510","3","Itu sinkron juga sama penawarannya..."
"00:06:01.510","00:06:03.670","3","Itu statusnya sudah berhasil atau tidak."
"00:06:04.110","00:06:06.830","3","Tapi, base datanya tetap dari monitoring proyek gitu."
"00:06:07.670","00:06:08.110","1","Oh, baik."
"00:06:09.290","00:06:11.770","1","Pait penawarannya tersebut juga..."
"00:06:11.770","00:06:14.670","1","Berarti penawaran itu sekedar..."
"00:06:14.670","00:06:16.930","1","Hanya penawaran di awal gitu ya, Pak."
"00:06:17.410","00:06:19.370","1","Gak ada keberlanjutannya."
"00:06:19.530","00:06:21.270","1","Tapi, keberlanjutannya itu nanti..."
"00:06:21.270","00:06:22.550","1","Di dalam proyeknya itu sendiri."
"00:06:23.390","00:06:23.890","3","Gimana, gimana?"
"00:06:24.190","00:06:24.430","3","Coba dulu."
"00:06:25.430","00:06:26.990","1","Penawarannya itu..."
"00:06:26.990","00:06:30.850","1","Hanya sekedar inisialisasi awal dari..."
"00:06:30.850","00:06:33.670","1","PINnya Bapak ataupun dari..."
"00:06:33.670","00:06:35.370","1","Eksternal gitu kan ya."
"00:06:36.030","00:06:38.710","1","Nanti masalah manajemennya itu..."
"00:06:38.710","00:06:40.450","1","Diatur dalam proyek begitu ya."
"00:06:41.330","00:06:43.030","3","Diatur dalam proyek, betul."
"00:06:43.170","00:06:43.830","3","Jadi..."
"00:06:43.830","00:06:45.630","1","Dan tinggal dilingkan aja gitu saat penawarannya."
"00:06:45.630","00:06:46.430","1","Tinggal dilingkan aja."
"00:06:46.730","00:06:46.930","1","Betul."
"00:06:47.310","00:06:47.970","1","Oke, base."
"00:06:48.690","00:06:49.810","3","Tapi di penawaran..."
"00:06:49.810","00:06:51.770","3","Pada saat menu penawaran itu..."
"00:06:51.770","00:06:53.390","3","Mas juga munculkan status..."
"00:06:53.390","00:06:54.930","3","Status proyek atas proyek itu kan."
"00:06:55.010","00:06:55.890","3","Ini kan belum ada muncul..."
"00:06:55.890","00:06:56.010","3","Oh, iya."
"00:06:56.350","00:06:56.830","3","Nama proyek."
"00:06:56.850","00:06:57.310","1","Baik, baik-baiknya sih."
"00:06:57.770","00:06:58.670","1","Dilingkan juga ya."
"00:06:59.190","00:07:00.070","1","Proyeknya apa."
"00:07:00.790","00:07:02.070","1","Terus nanti..."
"00:07:02.070","00:07:03.790","1","Status proyeknya apa gimana gitu ya."
"00:07:04.010","00:07:05.590","3","Nah, berarti ini nanti..."
"00:07:05.590","00:07:08.450","3","Yang status ini mungkin nama kolomnya berubah gitu ya."
"00:07:08.510","00:07:08.990","3","Biar nggak..."
"00:07:08.990","00:07:11.010","3","Nggak ada double nama status kan ya."
"00:07:11.670","00:07:14.630","3","Mungkin bahasanya tanggal mungkin tindak lanjut gitu kan."
"00:07:14.730","00:07:16.510","3","Misalnya sudah dalam tinjauan."
"00:07:16.990","00:07:18.270","3","Kalau sudah di..."
"00:07:18.270","00:07:20.270","3","Respon atau sudah dikirim..."
"00:07:20.270","00:07:24.690","3","Nanti statusnya sudah dikirim penawaran kan ini lebih ke penawaran sudah dikirim atau belum?"
"00:07:25.530","00:07:25.930","","Oh, baik."
"00:07:27.350","00:07:28.990","3","Mungkin gitu ya, Mas Irham ya."
"00:07:29.650","00:07:29.850","","Ya."
"00:07:30.990","00:07:34.810","3","Jadi nanti ini bisa lihat penawaran, oh sudah dikirim ternyata atas proyek ini."
"00:07:35.250","00:07:37.330","3","Tinggal kita lihat statusnya ternyata masih prospek."
"00:07:37.470","00:07:38.570","3","Berarti kan nanti follow up lagi."
"00:07:39.570","00:07:39.730","","Jadi..."
"00:07:39.730","00:07:45.650","3","Nama proyek sama statusnya tetap muncul di sini, tapi dia sinkron sama database-nya proyek itu."
"00:07:48.650","00:07:51.570","3","Salah konsepnya mungkin ke situ."
"00:07:52.610","00:07:55.010","3","Sama jadi proyek itu..."
"00:07:55.010","00:07:55.730","3","Coba boleh lihat lagi."
"00:07:59.330","00:08:00.790","3","Ini sudah ada pelanggannya."
"00:08:00.970","00:08:02.530","3","Coba yang view, Mas, izin."
"00:08:05.030","00:08:05.590","3","Bawah."
"00:08:08.310","00:08:08.830","3","Oke."
"00:08:08.830","00:08:14.150","3","Nah, tadi kan ada penilaian proyek atau penilaian pelanggan ya, Mas, ya?"
"00:08:14.570","00:08:14.770","","Ya."
"00:08:16.950","00:08:17.590","3","Itu."
"00:08:19.210","00:08:19.470","3","Oke."
"00:08:19.870","00:08:20.830","3","Ketika kita..."
"00:08:23.570","00:08:27.570","3","Oh, ini atas terhadap person ya, Mas?"
"00:08:27.590","00:08:28.590","1","Terhadap person, ya."
"00:08:28.990","00:08:30.350","3","Karena Mas ini kan..."
"00:08:30.350","00:08:31.570","3","Apa namanya?"
"00:08:35.160","00:08:37.660","3","Scoring-nya maksudnya ditambah log."
"00:08:38.210","00:08:39.350","3","Semisal..."
"00:08:40.570","00:08:47.230","3","Proyek ini dari sisi pelaksanannya sudah selesai, kan sebenarnya kita baru menilai pelanggan atas proyek ini."
"00:08:48.410","00:08:49.010","","Baik."
"00:08:49.750","00:08:56.590","3","Jadi, penilaian pelanggan tadi ada status, masalah skor pembayaran."
"00:08:57.110","00:09:01.970","3","Nanti mungkin item penilaiannya saya lupa ada di tim..."
"00:09:01.970","00:09:02.950","3","Ada di Mas Sul."
"00:09:03.070","00:09:04.160","3","Nanti mungkin bisa koreksi."
"00:09:04.710","00:09:05.970","3","Kalau sudah kita kontrak ya."
"00:09:06.370","00:09:10.130","3","Jadi intinya sih, saya ini ketika proyek ini statusnya berhasil,"
"00:09:10.690","00:09:16.610","3","Kemudian dari sisi lapangannya sudah selesai, itu ada tadi yang penilaian."
"00:09:17.040","00:09:19.350","3","Tapi penilaian itu terhadap si satu proyek ini."
"00:09:20.110","00:09:25.870","1","Satu proyek berarti bukan dari bentukkan perpertemuan atau perfollow akum gitu ya, Pak?"
"00:09:25.990","00:09:26.250","3","Bukan."
"00:09:26.470","00:09:26.970","3","Jadi..."
"00:09:26.970","00:09:28.710","3","Bukan perfollow akum."
"00:09:28.710","00:09:33.950","3","Jadi penilaiannya, base-nya adalah terhadap proyek dan nama perusahaan itu gitu."
"00:09:34.790","00:09:35.190","1","Oh, baik."
"00:09:35.920","00:09:36.370","3","Itu sih."
"00:09:36.540","00:09:42.970","3","Jadi nanti pada saat kita mungkin di form monitoring penilaian, di menu penilaian itu,"
"00:09:43.540","00:09:46.830","3","kan muncul tuh nama-nama PIC atau nama-nama perusahaannya kan?"
"00:09:47.350","00:09:47.710","3","Nama-nama..."
"00:09:47.710","00:09:51.030","3","Nama-nama pelanggannya kan?"
"00:09:51.990","00:09:54.990","3","Nah, itu di riwayat pelanggannya ini."
"00:09:55.230","00:09:56.070","3","Nah, balik lagi ke sini."
"00:09:56.540","00:09:58.210","3","Di riwayat pelanggannya ini ada..."
"00:09:58.210","00:09:59.570","1","Pelanggannya, Pak?"
"00:09:59.970","00:10:00.530","3","Ada pelanggan."
"00:10:01.290","00:10:04.630","3","Nah, ini ada historis penilaiannya, ya?"
"00:10:06.150","00:10:07.540","1","Di sini, ya?"
"00:10:07.910","00:10:08.770","1","Oh, belum ada sepertinya."
"00:10:08.920","00:10:09.730","3","Misal di perusahaan."
"00:10:11.070","00:10:12.010","1","Riwayat kontrak?"
"00:10:12.490","00:10:15.350","3","Kontrak-kontrak sama historis penilaian, mungkin ya."
"00:10:15.470","00:10:16.090","3","Mungkin kan dia..."
"00:10:16.090","00:10:16.750","1","Oh, oke."
"00:10:17.370","00:10:20.850","1","Ini riwayat kontrak bisa saya anggot sebagai riwayat proyeknya gitu ya, Pak?"
"00:10:21.410","00:10:22.790","3","Riwayat kontrak betul."
"00:10:22.890","00:10:29.660","3","Jadi, riwayat proyek yang sudah berhasil atas nama PT Maju Bersama sama PIC-nya siapa, gitu kan?"
"00:10:30.270","00:10:32.690","3","Dia kan akan masuk database ke sini gitu ya, Mas Ya?"
"00:10:33.470","00:10:34.090","1","Ya, oke."
"00:10:34.850","00:10:35.090","3","Betul."
"00:10:35.390","00:10:38.970","3","Jadi, sebenarnya base datanya semua tuh yang besarnya mungkin menurut saya ada di proyek."
"00:10:39.090","00:10:43.750","3","Jadi, proyek ini sebagai database untuk penambahan data di riwayat kontrak."
"00:10:43.750","00:10:50.830","3","Selain nanti nama proyek dan nilainya, eh nilai omsetnya juga nilai terhadap pelanggan"
"00:10:50.830","00:10:52.650","3","dan perusahaan tersebut gitu ya."
"00:10:55.650","00:10:56.790","3","Nangkep ya, Mas Hiram ya?"
"00:10:57.250","00:10:57.810","1","Ya, nangkep."
"00:10:58.750","00:11:02.290","3","Mungkin agak rumit di sisi logika pengumum hubungnya ini kan."
"00:11:03.510","00:11:05.290","3","Kita coba butuh data itu."
"00:11:06.290","00:11:07.010","","Baik."
"00:11:10.270","00:11:12.570","3","Kalau historis persennya, bahasanya apa, Mas Ya?"
"00:11:13.370","00:11:14.670","1","History persennya."
"00:11:15.090","00:11:17.230","1","Maksudnya, history persen itu..."
"00:11:17.230","00:11:18.410","3","Di kipersen, coba."
"00:11:19.190","00:11:20.230","1","Kipersen, oke."
"00:11:20.730","00:11:23.310","3","Dibuka salah satu, di view atau bisa dibuka?"
"00:11:25.370","00:11:27.790","1","Ini mungkin nabung ke perusahaannya sih."
"00:11:28.170","00:11:30.050","1","Di bagian kontaknya, mungkin ya."
"00:11:31.670","00:11:32.250","1","Oke."
"00:11:32.250","00:11:33.510","1","Itu yang keman kepikiran sih."
"00:11:34.150","00:11:34.350","","Oke."
"00:11:34.970","00:11:35.690","3","Oke."
"00:11:36.070","00:11:38.790","3","Coba lihat lagi data pelanggannya, Mas."
"00:11:39.870","00:11:40.970","1","Data pelanggannya, oke."
"00:11:41.050","00:11:41.990","3","View persennya."
"00:11:42.430","00:11:42.970","3","View kipersennya."
"00:11:42.970","00:11:43.470","1","View persennya."
"00:11:43.970","00:11:45.350","3","Viewnya tadi apa aja?"
"00:11:46.650","00:11:46.970","1","Viewnya..."
"00:11:46.970","00:11:49.430","3","Oh, atas nama perusahaannya ya?"
"00:11:50.090","00:11:50.330","1","Ya."
"00:11:50.750","00:11:51.850","1","Atas nama perusahaannya."
"00:11:52.010","00:11:52.470","1","Tapi atas?"
"00:11:52.970","00:11:53.730","3","Oke."
"00:11:54.070","00:11:55.350","3","Atas key persennya sendiri,"
"00:11:56.190","00:11:58.890","3","bahwa data pribadi,"
"00:11:59.350","00:11:59.690","3","mohon maaf,"
"00:12:00.090","00:12:03.010","3","data profiling pelanggan itu,"
"00:12:03.190","00:12:04.930","3","misal katakanlah ada hobinya,"
"00:12:05.090","00:12:05.830","3","suka lari,"
"00:12:06.050","00:12:07.010","3","suka segala macem."
"00:12:07.130","00:12:08.930","3","Kemudian karakternya dia,"
"00:12:10.390","00:12:12.350","3","ya mungkin bahasanya nanti semua manual ya,"
"00:12:12.350","00:12:14.310","3","karena yang didescribekan itu,"
"00:12:14.830","00:12:16.110","3","si salesnya ini,"
"00:12:16.450","00:12:17.970","3","yang menceritakan terkait."
"00:12:18.570","00:12:19.870","3","Nah, mungkin setelah kontak ini,"
"00:12:19.870","00:12:20.970","3","kalau bisa di klik,"
"00:12:21.110","00:12:22.950","3","itu dia ada satu view khusus si Pak Hennel."
"00:12:22.970","00:12:23.510","3","Tandanya gitu."
"00:12:24.050","00:12:24.570","1","Oh, baik."
"00:12:25.470","00:12:26.810","3","Ya, penilaian terhadap lognya,"
"00:12:26.890","00:12:28.490","3","tadi menurut saya juga penting,"
"00:12:28.610","00:12:31.190","3","tapi mungkin skornya lebih ke karakter ya,"
"00:12:31.350","00:12:32.170","3","tidak ke skor."
"00:12:32.290","00:12:34.590","3","Tadi kan skornya di pembayaran,"
"00:12:34.730","00:12:35.610","3","sama apa skoring,"
"00:12:35.710","00:12:36.210","3","apa satu lagi?"
"00:12:36.330","00:12:37.150","3","Ada dua tuh, Mas."
"00:12:37.330","00:12:37.850","3","Oh, iya benar-benar."
"00:12:38.370","00:12:39.450","3","Pada saat ditambahkan log,"
"00:12:39.550","00:12:39.870","3","itu kan,"
"00:12:40.530","00:12:41.450","3","Mas munculnya,"
"00:12:43.250","00:12:43.950","3","log pelanggan,"
"00:12:44.450","00:12:45.170","3","eh, tambah log,"
"00:12:45.970","00:12:47.150","3","itu kan skor hubungan,"
"00:12:47.250","00:12:48.270","3","nah ada skor pembayaran."
"00:12:49.030","00:12:50.350","1","Ya, mungkin ketika tegori,"
"00:12:51.350","00:12:52.930","3","skor pembayaran ini"
"00:12:52.930","00:12:54.630","3","tidak masuk di person,"
"00:12:54.750","00:12:55.810","3","tapi di perusahaan."
"00:12:56.270","00:12:57.270","3","Pada saat kita menilai"
"00:12:57.270","00:12:58.350","3","si project sama si perusahaan."
"00:13:03.810","00:13:04.690","3","Kalau ini kan nanti,"
"00:13:05.150","00:13:07.730","3","nanti historis di,"
"00:13:07.730","00:13:09.290","3","profiling,"
"00:13:09.690","00:13:10.950","3","profiling si,"
"00:13:11.490","00:13:12.910","3","key person-nya,"
"00:13:13.110","00:13:13.550","3","itu juga,"
"00:13:14.050","00:13:15.530","3","mungkin penuh ditambahkan."
"00:13:16.790","00:13:23.330","3","mungkin yang kurang adalah profiling tadi,"
"00:13:23.450","00:13:24.610","3","profiling pelanggannya,"
"00:13:24.730","00:13:25.790","3","kayaknya masih belum ada ya."
"00:13:26.570","00:13:26.750","1","Nah,"
"00:13:27.010","00:13:27.970","1","Pak Hendran ini."
"00:13:28.710","00:13:28.830","1","Ya,"
"00:13:29.250","00:13:29.950","1","kemarin sebenarnya,"
"00:13:30.110","00:13:30.830","1","kayaknya sudah ada,"
"00:13:31.010","00:13:32.170","1","cuma kayaknya kehapus,"
"00:13:32.310","00:13:32.670","1","karena,"
"00:13:33.450","00:13:36.090","1","apa ya,"
"00:13:36.130","00:13:36.950","1","satu dan lain hal."
"00:13:37.750","00:13:39.090","1","Sudah ada simpat,"
"00:13:39.350","00:13:40.430","1","cuma kehapus lagi, Pak."
"00:13:42.590","00:13:44.090","3","Jadi kalau atas nama perusahaan"
"00:13:44.090","00:13:45.090","3","yang ada di buat kontrak,"
"00:13:45.230","00:13:45.810","3","kalau atas,"
"00:13:46.590","00:13:47.090","3","key person-nya,"
"00:13:47.130","00:13:47.730","3","atau kontraknya,"
"00:13:47.850","00:13:48.650","3","misal Pak Hendran ini,"
"00:13:49.410","00:13:49.730","3","itu,"
"00:13:50.730","00:13:52.130","3","ada view untuk,"
"00:13:52.590","00:13:53.690","3","khusus ke Pak Hendran-nya,"
"00:13:53.810","00:13:53.930","3","gitu."
"00:13:54.690","00:13:55.070","","Oh, baik."
"00:13:55.730","00:13:55.950","","Itu."
"00:13:56.170","00:13:56.450","","Nangkep."
"00:13:57.390","00:13:57.810","3","Nangkep ya?"
"00:13:58.490","00:13:58.670","","Ya."
"00:13:59.270","00:14:00.110","3","Tapi isiannya,"
"00:14:00.190","00:14:00.670","3","ini saya yang masih,"
"00:14:00.870","00:14:01.650","3","mungkin isiannya kemarin,"
"00:14:01.710","00:14:02.490","3","Mas Amis sudah,"
"00:14:03.050","00:14:03.870","3","ngasih data ya."
"00:14:03.870","00:14:04.630","1","Sudah kasih kemarin."
"00:14:05.110","00:14:06.650","3","Ya, khusus terhadap,"
"00:14:06.730","00:14:07.670","3","terhadap person-nya ya."
"00:14:08.410","00:14:08.770","","Betul."
"00:14:09.690","00:14:11.530","3","Ya, mungkin itu tambahannya."
"00:14:13.510","00:14:14.850","3","Coba informasi umum,"
"00:14:14.930","00:14:15.770","3","atas perusahaannya, Mas."
"00:14:15.990","00:14:16.330","3","Boleh lihat."
"00:14:16.610","00:14:17.030","3","Info umum,"
"00:14:17.110","00:14:18.550","3","ini kiri."
"00:14:18.750","00:14:18.990","3","Oke."
"00:14:19.950","00:14:20.550","3","Umum,"
"00:14:20.670","00:14:21.090","3","korporat,"
"00:14:21.210","00:14:21.610","3","mbak."
"00:14:24.610","00:14:25.330","3","Catatan,"
"00:14:25.330","00:14:26.310","3","kalau yang."
"00:14:28.590","00:14:29.810","1","Ini sebenarnya,"
"00:14:30.010","00:14:30.590","1","kayaknya harusnya,"
"00:14:30.710","00:14:31.750","1","yang ini masuk ke dalam."
"00:14:31.870","00:14:32.870","1","Ah, ya, betul."
"00:14:33.010","00:14:33.110","1","Nah, itu."
"00:14:33.510","00:14:34.170","3","Ivo pribadi,"
"00:14:34.330","00:14:34.670","3","karakter,"
"00:14:34.870","00:14:37.110","3","nah, kalau mungkin info perusahaan,"
"00:14:38.050","00:14:39.530","3","ini lebih ke,"
"00:14:40.330","00:14:41.310","3","data perusahaan yang,"
"00:14:41.570","00:14:42.130","3","kemarin mungkin,"
"00:14:42.190","00:14:43.310","3","udah di info juga."
"00:14:43.510","00:14:43.670","3","Ada,"
"00:14:44.170","00:14:44.790","3","ada lokasi,"
"00:14:44.890","00:14:45.510","3","ada NPWP,"
"00:14:45.610","00:14:46.230","3","ada SKT,"
"00:14:46.390","00:14:46.970","3","ada apa tuh."
"00:14:50.230","00:14:50.630","3","PT,"
"00:14:50.950","00:14:52.110","3","ini kan belum ada alamat ya?"
"00:14:52.810","00:14:52.990","","Ya."
"00:14:55.390","00:14:56.570","3","Oh, oke."
"00:14:56.710","00:14:57.030","3","Tapi,"
"00:14:57.550","00:14:58.150","1","umumnya mungkin,"
"00:14:58.510","00:14:59.750","1","kayak gitu ya."
"00:14:59.930","00:15:00.170","1","Oh ya,"
"00:15:00.270","00:15:00.690","1","udah tahu,"
"00:15:00.850","00:15:02.310","1","atau umum perusahaannya ya."
"00:15:02.410","00:15:02.750","1","Pembaik."
"00:15:03.550","00:15:05.210","3","sama yang WhatsApp,"
"00:15:05.890","00:15:08.150","3","WhatsApp ini kan lebih ke person,"
"00:15:08.750","00:15:09.050","3","email,"
"00:15:09.130","00:15:09.810","3","mungkin nanti emailnya,"
"00:15:09.870","00:15:10.450","3","email kantor,"
"00:15:10.550","00:15:12.130","3","atau ada website,"
"00:15:12.230","00:15:12.610","3","atau kantor."
"00:15:12.670","00:15:12.790","3","Jadi,"
"00:15:12.970","00:15:14.310","3","informasi umum ini terkait,"
"00:15:14.530","00:15:15.930","3","si perusahaan yang ada di lokasi,"
"00:15:16.590","00:15:17.850","3","segmentasi,"
"00:15:17.910","00:15:20.150","3","mungkin segmentasi lebih ke BUMNK,"
"00:15:20.690","00:15:21.710","3","atau,"
"00:15:22.390","00:15:23.430","3","swasta nasional,"
"00:15:23.530","00:15:25.030","3","atau swasta asing."
"00:15:26.170","00:15:28.070","3","mungkin,"
"00:15:28.450","00:15:28.850","3","ya ini sih,"
"00:15:29.130","00:15:29.450","3","menurut nanti,"
"00:15:29.510","00:15:30.030","3","nanti bisa,"
"00:15:30.630","00:15:30.890","3","kita,"
"00:15:31.270","00:15:32.170","3","bantu koreksi,"
"00:15:32.310","00:15:33.150","3","isian apa saja,"
"00:15:33.250","00:15:33.550","3","yang harus,"
"00:15:33.710","00:15:35.290","3","dimasukkan,"
"00:15:35.350","00:15:35.930","3","dan apa saja,"
"00:15:36.090","00:15:37.090","3","yang akan muncul gitu ya."
"00:15:37.890","00:15:38.150","","Mungkin."
"00:15:41.750","00:15:42.510","3","sejauh ini sih,"
"00:15:43.210","00:15:43.830","3","oke mas,"
"00:15:44.590","00:15:45.930","3","kita terbantu,"
"00:15:46.010","00:15:46.310","3","paling tadi,"
"00:15:46.390","00:15:47.590","3","coba bantu linkan dulu,"
"00:15:47.630","00:15:48.530","3","yang atas koreksi tadi,"
"00:15:49.470","00:15:51.150","3","mungkin atas penambahan-penambahan,"
"00:15:51.230","00:15:52.170","3","detailing informasi,"
"00:15:52.270","00:15:52.510","3","nanti,"
"00:15:53.210","00:15:53.490","3","kita,"
"00:15:54.230","00:15:54.990","3","kalau saya sih,"
"00:15:55.090","00:15:55.390","3","rasanya,"
"00:15:55.530","00:15:56.230","3","lebih enak,"
"00:15:56.290","00:15:56.710","3","pas sudah,"
"00:15:57.090","00:15:57.910","3","kita bekerja sama,"
"00:15:58.130","00:15:58.910","3","secara profesional,"
"00:15:59.730","00:16:00.270","3","itu bisa,"
"00:16:01.070","00:16:02.390","3","kita detail lain,"
"00:16:02.730","00:16:03.030","3","gitu ya,"
"00:16:03.610","00:16:03.930","3","maunya,"
"00:16:04.490","00:16:04.890","3","teman-teman,"
"00:16:05.090","00:16:05.750","3","seperti apa gitu."
"00:16:06.950","00:16:07.350","3","Mending tadi,"
"00:16:07.410","00:16:08.450","3","coba dilingkan dulu aja ya mas,"
"00:16:08.550","00:16:09.710","3","yang tadi saya minta,"
"00:16:09.770","00:16:10.490","3","yang terakhir penawaran,"
"00:16:10.630","00:16:10.790","3","sama,"
"00:16:11.410","00:16:12.510","3","base data project itu."
"00:16:13.470","00:16:14.170","1","Oke, aman pak."
"00:16:17.050","00:16:17.690","3","Oke mas,"
"00:16:17.910","00:16:18.130","3","Sul,"
"00:16:18.270","00:16:18.790","3","mas Amir,"
"00:16:20.430","00:16:21.390","3","ada ide tambahan?"
"00:16:23.550","00:16:23.830","2","Izin,"
"00:16:24.190","00:16:24.790","2","Isham,"
"00:16:25.050","00:16:25.270","2","ini,"
"00:16:25.770","00:16:27.670","2","ini terkait,"
"00:16:27.810","00:16:28.410","2","ini memang masih,"
"00:16:28.770","00:16:29.030","2","apa,"
"00:16:29.190","00:16:29.550","2","web dia?"
"00:16:30.250","00:16:30.450","2","Belum,"
"00:16:30.570","00:16:31.810","1","iya masih web,"
"00:16:32.070","00:16:32.590","1","dan,"
"00:16:32.810","00:16:33.010","1","tadi,"
"00:16:33.390","00:16:34.250","1","kalau sempat,"
"00:16:34.810","00:16:35.130","1","kita,"
"00:16:36.130","00:16:56.930","2","Kalau tampilan dashboard, coba pilih yang di mana?"
"00:16:56.930","00:16:59.810","2","Di laptop, Kak."
"00:17:01.090","00:17:01.610","1","Oh, di laptop."
"00:17:01.970","00:17:03.290","2","Ya, yang di dashboardnya."
"00:17:04.840","00:17:06.810","2","Oh, yang kayak kemarin jadi awal-awal yang itu ya?"
"00:17:07.330","00:17:10.630","1","Ya, di awal-awal cuma ada beberapa penambahan saja, Kak."
"00:17:11.630","00:17:12.580","2","Kalau itu apa?"
"00:17:13.010","00:17:14.170","2","Kayak fitur-fitur."
"00:17:15.490","00:17:16.650","2","Apa lagi yang kemarin?"
"00:17:19.410","00:17:22.100","2","Ulang tahun apa segala macam, hari besar."
"00:17:22.830","00:17:23.310","2","Itu bisa juga?"
"00:17:23.310","00:17:23.840","1","Ya, ada, Kak."
"00:17:24.600","00:17:26.050","1","Di broadcast nanti."
"00:17:28.690","00:17:33.510","1","Ini broadcast buat khusus hari raya gitu."
"00:17:33.570","00:17:38.250","1","Tapi nanti ada seksion sendiri untuk ulang tahun gitu."
"00:17:38.250","00:17:38.750","1","Hmm."
"00:17:41.080","00:17:41.490","","Oke."
"00:17:41.730","00:17:44.550","2","Oh, tapi enggak muncul di tampilan Andi."
"00:17:44.930","00:17:48.810","2","Maksudku, di tampilan dashboard misalnya."
"00:17:51.050","00:17:57.830","2","Oh, pada saat harinya Pika Peng ya, sebagai pengingat untuk misalnya ini hari Natal harus diucapkan."
"00:17:57.830","00:17:58.270","1","Oh, ada."
"00:17:58.270","00:17:59.360","2","Pelanggannya."
"00:17:59.360","00:18:06.690","1","Seperti misalnya enggak ada tempernya di, ataupun ada juga tetap diberikan aktivitas begitu ya, Pak?"
"00:18:06.690","00:18:09.790","2","Maksudnya, tapi di dashboard ya."
"00:18:10.410","00:18:11.360","2","Oh, di dashboard ya."
"00:18:12.450","00:18:14.890","2","Ini kan yang permintaan penawaran baru belum di-dashpan."
"00:18:14.970","00:18:16.930","2","Yang bagus, menurutnya notif-notif."
"00:18:17.690","00:18:18.830","2","Semacam itu juga tadi."
"00:18:19.510","00:18:22.070","1","Atau mungkin notifnya ditaruh di sini aja, Kak."
"00:18:22.360","00:18:22.930","2","Ya, betul."
"00:18:23.010","00:18:23.170","2","Boleh."
"00:18:23.250","00:18:24.750","2","Mungkin itu kok lebih gampang gitu."
"00:18:24.750","00:18:25.070","2","Ya, betul."
"00:18:26.010","00:18:27.570","3","Bentuk base atau apa namanya?"
"00:18:27.810","00:18:28.360","3","Istilahnya itu, Mas."
"00:18:28.430","00:18:28.970","3","Ya, lonceng."
"00:18:28.970","00:18:29.360","3","Lonceng."
"00:18:29.360","00:18:29.810","3","Lonceng."
"00:18:29.930","00:18:30.490","1","Lonceng."
"00:18:30.490","00:18:32.990","2","Supaya lebih ini kita, apa?"
"00:18:34.030","00:18:35.630","2","Tampilannya lebih wah aneh, kira."
"00:18:36.430","00:18:36.600","1","Ya."
"00:18:36.600","00:18:38.250","1","Ini aja udah wah."
"00:18:38.450","00:18:39.190","3","Wah banget, Mas Amir."
"00:18:39.310","00:18:39.830","3","Nanti makin-makin."
"00:18:39.830","00:18:40.770","2","Maka dibilang."
"00:18:41.530","00:18:43.450","2","Apa, tambahan-tambahan itunya, Kak."
"00:18:44.750","00:18:52.030","2","Termasuk itu jadi kayak dengan tampilan dashboard ini adalah pengantar orang untuk mungkin melakukan apa."
"00:18:52.030","00:18:57.950","2","Jadi misalnya yang ini penawaran permintaan belum di-respond yang otomatis itu yang akan kita lakukan."
"00:18:58.290","00:19:05.290","2","Terus misalnya meng-input, kalau input-input baru kan sudah, jadi kayak selain meng-input baru dashboard ini adalah sebagai pengantar,"
"00:19:05.340","00:19:06.830","2","apa-apa yang pengingat gitu."
"00:19:07.360","00:19:08.890","2","Untuk apa-apa yang kita lakukan."
"00:19:09.070","00:19:15.510","2","Misalnya, terutama yang ulang tahun, yang penawaran-penawaran ini, begitu-begitu sih."
"00:19:15.830","00:19:25.030","2","Jadi kalau bisa semua pemberitahuan ada, tapi kita notif untuk seminimalisir mungkin."
"00:19:25.210","00:19:28.050","2","Jadi kayak ini yang proyek perlu follow up, apa segala macam kan."
"00:19:28.290","00:19:30.250","2","Notif juga sebenarnya itu."
"00:19:30.390","00:19:32.360","2","Cuman mana tahu ada apa, dik."
"00:19:32.510","00:19:35.750","2","Kita buat semacam lebih, ini kayaklah lebih, lebih, lebih."
"00:19:36.570","00:19:37.510","2","Ya, mungkin."
"00:19:38.250","00:19:39.890","2","Tampilan sih, lebih tampilan begitu."
"00:19:40.580","00:19:46.570","1","Ya, mungkin izin saya ini, Kak, tambahkan juga di bagian notifikasi."
"00:19:46.570","00:19:52.830","1","Tadi sini juga ditambahkan sama, lebih spesifiknya bikin menu notifikasi aja di sini."
"00:19:53.210","00:20:03.170","1","Biar lebih, lebih, lebih dekat setelah tahunnya gitu ya."
"00:20:06.550","00:20:10.170","1","Kalau ini dashboard ini, lebih ke progress."
"00:20:11.310","00:20:12.430","2","Ya, boleh. Kita di."
"00:20:15.430","00:20:19.270","1","Sebenarnya ini lebih ngertinya sih, si Risky sih."
"00:20:20.230","00:20:21.810","1","Betul lagi hadir juga sekarang."
"00:20:22.890","00:20:24.100","2","Oh, siap-siap."
"00:20:26.830","00:20:28.150","2","Oke, segmental."
"00:20:28.810","00:20:29.490","2","Ya, itu disini."
"00:20:29.490","00:20:40.270","2","Sama nanti paling, apa sudah dijelaskan tadi, maksudnya cukupannya sampai di mana kami yang boleh menampilkan dashboard."
"00:20:41.270","00:20:44.890","2","Yang kita sudah bikin, seperti itu, sampai di mana sih."
"00:20:45.050","00:20:52.750","2","Maksudnya batasan-batasan yang bisa kami tuangkan dalam presentasi, yang seperti kemarin saya chatkan, kayak begitu."
"00:20:54.490","00:20:59.170","1","Dari yang dijelaskan tadi juga, sebenarnya masih masuk semua juga."
"00:20:59.710","00:21:00.570","1","Oh, masuk semua juga."
"00:21:00.970","00:21:03.450","1","Penambahan-penambahan dan pengurangannya juga."
"00:21:03.450","00:21:12.340","3","Ini nih, Mas Hiram."
"00:21:12.630","00:21:16.270","3","Tadi kan ada di project itu ada lokasi di Google Map ya?"
"00:21:17.070","00:21:19.930","3","Atau di, apa bukan Google Map misalnya?"
"00:21:22.290","00:21:23.360","1","Semacam-semacamnya gitu."
"00:21:23.360","00:21:23.550","1","Open Street Map ya."
"00:21:23.550","00:21:24.670","1","Open Street Map ya."
"00:21:24.670","00:21:25.310","1","Open Street Map ya."
"00:21:28.810","00:21:32.490","3","Ininya bisa, bisa di, ini nggak?"
"00:21:33.890","00:21:35.450","3","Peta, peta keseluruhan."
"00:21:35.550","00:21:42.550","3","Jadi kita kan, misalnya sudah tersubmit, katakanlah 100 project di data ini, termasuk lokasinya."
"00:21:42.810","00:21:46.290","3","Kemudian ada khusus mappingnya, jadi peta projectnya saja."
"00:21:47.070","00:21:47.840","1","Oh, baik."
"00:21:48.030","00:21:58.350","3","Dia, dia munculin semua data, bentuknya map, tapi munculin titik-titik lokasi, lokasi proyek yang sudah kita input gitu."
"00:21:59.210","00:21:59.630","1","Oh, baik."
"00:22:00.110","00:22:02.570","1","Mungkin saya bikinkan di dashboard."
"00:22:03.330","00:22:05.970","3","Atau di menu sendiri, kalau dashboard, takutnya berat kan?"
"00:22:06.670","00:22:06.990","1","Oke."
"00:22:08.550","00:22:09.230","1","Boleh juga, kok."
"00:22:09.230","00:22:14.890","3","Ini ada peta, ada menu peta, peta proyek."
"00:22:15.110","00:22:20.210","3","Isinya adalah titik-titik semua proyek yang sudah kita tag lokasinya."
"00:22:20.770","00:22:22.010","3","Kemudian ada titik-titik."
"00:22:22.110","00:22:25.650","3","Nah, titik-titik itu, misalnya apakah dibedakan warna?"
"00:22:25.710","00:22:30.750","3","Sekarang ini kan ada warna ini di status, ada yang sedang proses, ada berhasil hitam atau warna hijau gitu kan."
"00:22:31.150","00:22:31.990","3","Mungkin hijau lah nanti ya."
"00:22:31.990","00:22:32.170","3","Bisa, Kak."
"00:22:32.930","00:22:33.630","3","Jadi hijau."
"00:22:33.770","00:22:36.830","3","Jadi titik-titiknya ngacu ke si status ini gitu."
"00:22:37.370","00:22:41.930","3","Nah, pada saat kita klik si titiknya, itu muncul data proyeknya gitu, Mas."
"00:22:42.770","00:22:43.730","1","Oke, bisa, Kak."
"00:22:48.730","00:22:49.510","1","Oke, bisa."
"00:22:50.510","00:22:51.030","1","Kebayang."
"00:22:51.730","00:22:52.470","1","Bakal kayak gimana."
"00:22:55.130","00:22:57.690","1","Mungkin kayak ini ya."
"00:22:58.850","00:23:01.970","1","Operasi archiving."
"00:23:04.530","00:23:05.690","1","Ada kayak ini."
"00:23:07.850","00:23:08.690","4","Mantap ini."
"00:23:09.510","00:23:10.070","3","Hopdes ini."
"00:23:11.390","00:23:11.910","1","Hopdes."
"00:23:12.770","00:23:16.210","1","Ini kalau nggak salah ada ini juga sih."
"00:23:23.170","00:23:23.810","1","Hopdes."
"00:23:28.130","00:23:28.650","1","Mana?"
"00:23:31.210","00:23:32.330","1","Ada berat lagi."
"00:23:35.390","00:23:36.030","","Nah."
"00:23:41.390","00:24:07.290","1","Nah, betul."
"00:24:07.290","00:24:16.790","3","Nah, itu kan bagus tuh."
"00:24:16.870","00:24:19.850","3","Kalau itu kan satu klik, terus informasinya langsung pop up kan."
"00:24:20.490","00:24:30.010","3","Ya, kalau misalnya pop upnya susah, yang penting pada saat kita mention atau kursornya ke arah situ, itu muncul ini aja."
"00:24:32.650","00:24:34.010","3","Ya, Mas ini lebih paham lah."
"00:24:34.010","00:24:44.330","3","Nah, intinya pada saat kita klik satu, muncul data nama proyeknya yang kita sudah submit di base data proyek itu."
"00:24:54.330","00:24:55.970","1","Kurang lebih pagi, ya."
"00:24:55.970","00:24:57.430","3","Kurang lebih begitu."
"00:24:57.430","00:24:58.430","3","Ada titik-titiknya."
"00:24:58.430","00:24:59.030","3","Oke."
"00:24:59.030","00:25:21.130","3","Oke, kalau sudah saya sih mantap"
"00:25:21.130","00:25:22.390","3","Mungkin Masul ada tambahan?"
"00:25:26.390","00:25:27.690","3","Amir, kalau ada tambahan silahkan"
"00:25:27.690","00:25:33.530","3","Kalau sudah saya sih, logika atau fiturnya sudah oke"
"00:25:33.530","00:25:36.310","3","Sudah tinggal nanti ada beberapa yang disambungkan"
"00:25:36.310","00:25:40.290","3","Mungkin untuk detailing form, isian segala macam"
"00:25:40.290","00:25:43.130","3","Perlu ada kita tambah kurangkan"
"00:25:43.130","00:25:46.830","3","Mungkin nanti, kalau saya sih biar kerjasamanya enak"
"00:25:46.830","00:25:48.410","3","Kemah si Ramdan Tim juga enak ya kan"
"00:25:48.410","00:25:49.790","3","Ini sudah dua kali ini"
"00:25:49.790","00:25:53.790","3","Ini meeting trade progress juga sudah berjalan"
"00:25:53.790","00:25:55.070","3","Untuk demonya"
"00:25:56.350","00:25:59.030","3","Biar sama-sama enak dan lebih profesional ya"
"00:25:59.030","00:26:02.190","3","Segera kita kontrak dulu aja gitu ya"
"00:26:02.190","00:26:02.930","3","Mas Hirham ya?"
"00:26:04.190","00:26:05.770","3","Dan mungkin untuk nanti"
"00:26:05.770","00:26:09.070","3","Kan kita juga perlu menyampaikan ini ke manajemen ya"
"00:26:09.070","00:26:10.030","3","Mas Hirham"
"00:26:10.030","00:26:12.290","3","Saya bisa dibantu mungkin"
"00:26:12.290","00:26:14.190","3","Ya terkait"
"00:26:15.190","00:26:20.150","3","Bentuknya boleh proposal atau"
"00:26:20.150","00:26:23.870","3","Ya bentuknya proposal ya"
"00:26:23.870","00:26:26.290","3","Mungkin bentuknya proposal terkait"
"00:26:26.290","00:26:29.290","3","Mungkin bapak-bapaknya lebih senangnya sebenarnya visual"
"00:26:29.290","00:26:31.270","3","Jadi mungkin tampilan dashboard ini"
"00:26:31.270","00:26:35.290","3","Terus menfun fitur segala macamnya apa saja juga ditampilkan"
"00:26:35.290","00:26:39.250","3","Termasuk nanti untuk kategori demonya"
"00:26:39.250","00:26:41.870","3","Itu kita sampai mana"
"00:26:41.870","00:26:43.890","3","Kemudian sisanya pada saat build"
"00:26:43.890","00:26:45.630","3","Atau untuk bisa running"
"00:26:45.630","00:26:48.010","3","Itu kemarin kan disampaikan budgetnya"
"00:26:48.010","00:26:49.710","3","Berapa"
"00:26:49.710","00:26:52.970","3","Dan ada biaya rutinnya"
"00:26:52.970","00:26:55.130","3","Atau biaya berkalanya kan"
"00:26:55.130","00:26:56.290","3","Nah itu juga disampaikan"
"00:26:56.290","00:26:58.530","1","Oh ya baik"
"00:26:58.530","00:27:01.050","3","Mungkin visualnya yang jadi penting sebenarnya dari bapak-bapaknya"
"00:27:01.050","00:27:03.270","3","Kalau kemarin kan proposal pertama yang kita terima"
"00:27:03.270","00:27:05.850","3","Semua kan bentuknya tulisan ya mas ya"
"00:27:05.850","00:27:06.770","1","Itu"
"00:27:06.770","00:27:10.130","3","Karena ini demonya sudah jadi mungkin"
"00:27:10.130","00:27:12.730","3","Secara proposalnya"
"00:27:12.730","00:27:16.930","3","Biar kami juga menyampaikan yang juga lebih visual ke bapak-bapaknya"
"00:27:16.930","00:27:18.210","3","Lebih clear"
"00:27:18.210","00:27:20.030","3","Mungkin di Bantru itu aja dulu mas"
"00:27:20.030","00:27:21.690","1","Oh siap baik"
"00:27:21.690","00:27:23.830","3","Jadi sebelum nanti kita kontrak"
"00:27:23.830","00:27:27.030","3","Draft kontrak juga silahkan sekalian aja mungkin nanti disampaikan"
"00:27:27.030","00:27:29.410","3","Kalau dari mas Irham ada"
"00:27:29.410","00:27:32.230","3","Mungkin dari sisi kita nanti ada kontrak terkait"
"00:27:32.230","00:27:36.010","3","Bukan NDA ya lebih ke kerahasiaan sih mas"
"00:27:36.010","00:27:37.050","3","Oh ya"
"00:27:37.050","00:27:38.110","3","Kerahasiaan"
"00:27:38.110","00:27:39.910","3","Kerahasiaan"
"00:27:39.910","00:27:43.170","3","Apa data atau"
"00:27:43.170","00:27:44.630","3","Ya terkait itulah"
"00:27:44.630","00:27:44.990","3","Betul"
"00:27:44.990","00:27:47.270","3","Kalau dari sisi kita ya"
"00:27:47.270","00:27:49.630","3","Dari sisi mas mungkin terakhir kontrak kerja sama"
"00:27:49.630","00:27:52.930","3","Ininya pembuatan programnya"
"00:27:52.930","00:27:54.830","3","Termasuk nanti mungkin ada koreksi nama"
"00:27:54.830","00:27:56.790","3","Nama CRM WIKA nya"
"00:27:56.790","00:27:59.190","3","Kita ada minta ganti segala macamnya ya"
"00:27:59.190","00:28:00.370","3","Siap"
"00:28:00.370","00:28:01.510","3","Siap"
"00:28:01.510","00:28:03.690","3","Atau mau langsung diganti mungkin Kak Su"
"00:28:03.690","00:28:05.170","3","Mau langsung diganti namanya"
"00:28:05.170","00:28:07.230","3","Ya nanti proposalnya udah diganti tuh namanya"
"00:28:07.230","00:28:08.990","1","Ganti apa mas namanya"
"00:28:08.990","00:28:10.570","3","Si Dongdeng"
"00:28:10.570","00:28:13.450","3","Ya udah nanti dipikirkan"
"00:28:13.450","00:28:14.210","3","Mungkin nanti mas"
"00:28:14.210","00:28:14.710","3","Sekalian"
"00:28:14.710","00:28:16.310","3","Soal itu kan cepat mengganti nama kan"
"00:28:16.310","00:28:17.710","3","Pasti mas Irham lebih cepat"
"00:28:17.710","00:28:19.190","3","Nanti disampaikan lagi ini ya"
"00:28:19.190","00:28:21.630","","Karena CRM hampir mirip-mirip dengan"
"00:28:21.630","00:28:23.850","3","Punya kantor pusat mungkin bagi kita"
"00:28:23.850","00:28:24.470","3","Iya makanya ini"
"00:28:24.470","00:28:25.490","3","Nama tersebut lagi"
"00:28:25.490","00:28:25.870","3","Saya kayaknya perlu"
"00:28:25.870","00:28:27.330","3","Perlu nama yang lebih"
"00:28:27.330","00:28:28.430","3","Catchy"
"00:28:28.430","00:28:29.350","3","Ya"
"00:28:29.350","00:28:30.930","","Lebih"
"00:28:30.930","00:28:33.190","3","Lebih mudah diingat"
"00:28:33.190","00:28:33.950","3","Gampang diingat"
"00:28:33.950","00:28:34.210","3","Tapi"
"00:28:34.210","00:28:35.590","3","Makasar banget gitu Kak Sul"
"00:28:35.590","00:28:38.830","3","Ya mungkin nanti disampaikan lah"
"00:28:38.830","00:28:40.430","3","Gampang mas Hiram kalau itu kita koreksinya"
"00:28:40.430","00:28:40.830","3","Oh ya"
"00:28:40.830","00:28:46.270","3","Nama aplikasi atau nama webnya kita ganti"
"00:28:46.270","00:28:49.870","3","Mungkin gitu"
"00:28:49.870","00:28:52.110","3","Mas Amir"
"00:28:52.110","00:28:52.690","3","Mas Sul"
"00:28:52.690","00:28:55.070","3","Mungkin catatan koreksinya tadi sedikit"
"00:28:55.070","00:28:58.350","3","Terkait tadi fitur yang koneksi"
"00:28:58.350","00:28:59.470","3","Antara menu"
"00:28:59.470","00:29:01.890","3","Base datanya tetap dari project"
"00:29:01.890","00:29:05.510","3","Kemudian pendetailan terkait keepersen"
"00:29:05.510","00:29:06.710","3","Mapping"
"00:29:06.710","00:29:07.890","3","Sama"
"00:29:07.890","00:29:10.030","3","Segera di ini ya mas"
"00:29:10.030","00:29:10.350","3","Apa"
"00:29:10.350","00:29:12.170","3","Tadi kontrak itu sama proposal itu"
"00:29:12.170","00:29:13.570","3","Biar kita langsung jalan"
"00:29:13.570","00:29:15.190","3","Karena mas Amir"
"00:29:15.190","00:29:17.870","3","Targetnya September harus udah full lengkap ini laporannya"
"00:29:17.870","00:29:22.490","3","Buat ke pusat"
"00:29:22.490","00:29:25.690","3","Eh akhir Agustus ya mas Amir"
"00:29:25.690","00:29:26.150","3","Saya lupa"
"00:29:26.150","00:29:27.490","2","Di"
"00:29:27.490","00:29:30.210","2","Randonnya Jibril"
"00:29:30.210","00:29:31.530","2","Berapa kemarin ya"
"00:29:31.530","00:29:32.250","2","Kayaknya"
"00:29:32.250","00:29:34.450","2","Akhir Agustus makalanya mas"
"00:29:34.450","00:29:36.570","2","Cuma dikait"
"00:29:36.570","00:29:38.070","2","Apa"
"00:29:38.070","00:29:40.870","2","Jadwal presentasinya"
"00:29:40.870","00:29:44.150","2","Oh September harus mulai submit laporan"
"00:29:44.150","00:29:44.870","2","Oke"
"00:29:44.870","00:29:48.050","2","Submit laporan kemudian Oktober verifikasi"
"00:29:48.050","00:29:52.490","2","Paling November kepastiannya apakah ini bisa diterima atau tidak"
"00:29:52.490","00:29:53.390","2","Sama pusat kan"
"00:29:53.390","00:29:55.690","2","Saingan dengan yang lain mas begitu"
"00:29:55.690","00:29:56.190","3","Betul"
"00:29:56.190","00:29:58.130","3","Ya makanya nanti kan ke mas Irham"
"00:29:58.130","00:30:00.330","3","Sama tim kita kontrak atas demo dulu"
"00:30:00.330","00:30:01.870","3","Semua yang kita detailkan"
"00:30:01.870","00:30:05.150","3","Pada saat nanti sudah verifikasi clear"
"00:30:05.150","00:30:08.230","3","Di pusat pun ternyata kita diapresiasi"
"00:30:08.230","00:30:09.190","3","Bisa lolos"
"00:30:09.190","00:30:13.270","3","Baru mas Irham dan tim untuk bisa ngerunning ini"
"00:30:13.270","00:30:14.090","3","Ngebuild ini ya"
"00:30:14.090","00:30:15.990","3","Jadi nanti keputusannya tetap ya"
"00:30:15.990","00:30:17.690","3","Tapi kalau untuk demonya"
"00:30:17.690","00:30:19.910","3","Ya kita lanjut mas"
"00:30:19.910","00:30:20.490","3","Kita jalan"
"00:30:20.490","00:30:22.670","3","Segera proposal sama kontraknya"
"00:30:22.670","00:30:23.830","3","Kalau bisa minggu depan"
"00:30:23.830","00:30:25.370","3","Mungkin hari Selasa"
"00:30:25.370","00:30:28.370","3","Sudah bisa ada proposalnya"
"00:30:28.370","00:30:30.990","3","Biar segera kita sampaikan mas"
"00:30:30.990","00:30:34.370","3","Itu paling mas Irham"
"00:30:34.370","00:30:37.970","4","Ijin mungkin menambatkan"
"00:30:37.970","00:30:39.510","4","Berarti konsepnya ini mas"
"00:30:39.510","00:30:42.250","4","Sementara kontrak demo dulu gitu ya"
"00:30:42.250","00:30:45.090","4","Nanti kita presentasi ke pusat"
"00:30:45.090","00:30:46.430","4","Nanti setelah pusat"
"00:30:46.430","00:30:47.830","4","Oke"
"00:30:47.830","00:30:49.730","4","Senyur lanjut"
"00:30:49.730","00:30:51.270","4","Berarti kita berkontrak"
"00:30:51.270","00:30:52.090","4","Senyur lanjut"
"00:30:52.090","00:30:53.370","4","Tindar lanjutnya seperti"
"00:30:53.370","00:30:55.610","4","Kontrak permanen gitu ya"
"00:30:55.610","00:30:56.590","4","Atau gimana"
"00:30:56.590","00:30:58.490","3","Ya bukan kontrak permanen"
"00:30:58.490","00:30:59.970","3","Jadi kontrak untuk ngebuildnya"
"00:30:59.970","00:31:00.930","4","Ya kontrak untuk"
"00:31:00.930","00:31:02.350","4","Betul-betul bukan lagi demo"
"00:31:02.350","00:31:04.010","4","Tingkat ke atasnya lagi lebih"
"00:31:04.010","00:31:06.910","4","Ini bisa dijalankan gitu ya"
"00:31:06.910","00:31:08.310","3","Ini bisa dijalankan sama kita"
"00:31:08.310","00:31:09.570","3","Sebenarnya demo pun sebenarnya"
"00:31:09.570","00:31:11.450","3","Sudah bisa dijalankan ya mas Irham ya"
"00:31:11.450","00:31:12.570","1","Ya sudah bisa"
"00:31:12.570","00:31:14.070","3","Tapi dia cuma di satu"
"00:31:14.070","00:31:15.130","3","Satu laptop gitu"
"00:31:15.130","00:31:15.630","3","Nggak bisa"
"00:31:15.630","00:31:16.530","3","Misal saya buka"
"00:31:16.530","00:31:17.090","3","Masul buka"
"00:31:17.090","00:31:18.330","3","Atau mas Amir buka itu"
"00:31:18.330","00:31:19.150","1","Nggak bisa"
"00:31:19.150","00:31:20.250","1","Ngeling lah datanya itu"
"00:31:20.250","00:31:20.950","3","Belum ngeling gitu"
"00:31:20.950","00:31:22.350","3","Saya input pun belum ngeling"
"00:31:22.350","00:31:23.030","3","Mungkin gitu ya mas"
"00:31:23.030","00:31:24.050","1","Ya betul"
"00:31:24.050","00:31:25.590","1","Kalau ngelingnya belum sih"
"00:31:25.590","00:31:27.630","3","Tapi kalau kita buat ngedit"
"00:31:27.630","00:31:28.490","3","Nambah segala macam"
"00:31:28.490","00:31:29.410","3","Satu"
"00:31:29.410","00:31:31.550","3","Tampilan aja udah bisa masuk"
"00:31:31.550","00:31:33.410","3","Tapi untuk ngeling"
"00:31:33.410","00:31:34.490","3","Antara datanya"
"00:31:34.490","00:31:36.050","3","Masul yang di input"
"00:31:36.050","00:31:36.990","3","Atau saya yang nginput itu"
"00:31:36.990","00:31:37.330","3","Belum"
"00:31:37.330","00:31:38.070","3","Karena belum di"
"00:31:38.070","00:31:39.410","3","Keserverin gitu ya"
"00:31:39.410","00:31:42.330","4","Belum di running semuanya ya"
"00:31:42.330","00:31:45.290","1","Kalau terkait itu"
"00:31:45.290","00:31:46.670","1","Sebenarnya di demo ini"
"00:31:46.670","00:31:47.850","1","Kalau misalnya"
"00:31:47.850","00:31:49.710","1","Bokok masuk ke sini"
"00:31:49.710","00:31:51.750","1","Link yang ini"
"00:31:51.750","00:31:53.150","1","Terus masukin"
"00:31:53.150","00:31:55.510","1","Credentialnya juga"
"00:31:55.510","00:31:58.490","1","Bakal bisa kelihatan sih datanya"
"00:31:58.490","00:32:00.410","1","Cuma yang jadi kendala ketika"
"00:32:00.410","00:32:02.850","1","Misalnya tiba-tiba servernya mati"
"00:32:02.850","00:32:04.430","1","Itu datanya nggak persisten"
"00:32:04.430","00:32:06.430","1","Masih bisa hilang gitu"
"00:32:06.430","00:32:07.990","1","Yang sudah di input sebelumnya"
"00:32:07.990","00:32:11.310","1","Itu yang demo ini"
"00:32:11.310","00:32:14.150","1","Ya"
"00:32:14.150","00:32:16.690","3","Ya sehingga buat tampilan dulu aja kan"
"00:32:16.690","00:32:22.670","3","Data projectnya kita realistik kan"
"00:32:22.670","00:32:25.390","3","Kita sesuai dengan data projectnya"
"00:32:25.390","00:32:29.330","3","Kita nggak masuk produk segala macam"
"00:32:29.330","00:32:30.650","3","Itu kita sesuaikan dulu kan"
"00:32:30.650","00:32:32.450","3","Masih bisa ya mas ya"
"00:32:32.450","00:32:33.630","3","Kalau secara demo ya"
"00:32:33.630","00:32:34.570","3","Mas"
"00:32:34.570","00:32:35.130","3","Untuk tampilan"
"00:32:35.130","00:32:37.230","3","Laporan atau presentasi nanti"
"00:32:37.230","00:32:42.730","3","Oke cukup dari saya"
"00:32:42.730","00:32:43.590","3","Mas"
"00:32:43.590","00:32:44.730","3","Irham"
"00:32:44.730","00:32:46.210","3","Mau teman-teman"
"00:32:46.210","00:32:49.010","3","Kalau ada lagi"
"00:32:49.010","00:32:49.770","3","Mas Amir"
"00:32:49.770","00:32:50.410","3","Mas Sul"
"00:32:50.410","00:32:53.390","2","Aman mas cukup"
"00:32:53.390","00:32:53.890","2","Kalau saya"
"00:32:53.890","00:32:54.690","2","Tentara"
"00:32:54.690","00:32:56.250","2","Tentara dulu"
"00:32:56.250","00:32:57.950","2","Jadi lanjutkan"
"00:32:57.950","00:33:02.390","3","Oke"
"00:33:02.390","00:33:02.870","3","Mas Sul"
"00:33:02.870","00:33:03.430","3","Ada lagi"
"00:33:03.430","00:33:06.450","4","Cukup mas"
"00:33:06.450","00:33:07.670","4","Itu aja dulu"
"00:33:07.670","00:33:08.110","4","Udah"
"00:33:08.110","00:33:09.770","4","Banyak ya tuh"
"00:33:09.770","00:33:10.430","4","Komplet gitu"
"00:33:10.430","00:33:13.610","4","Berarti nanti yang kayak"
"00:33:13.610","00:33:14.470","4","Itu bintang"
"00:33:14.470","00:33:15.210","4","Tadi kan ada"
"00:33:15.210","00:33:16.790","4","Penilaian pelanggan"
"00:33:16.790","00:33:17.450","4","Terus dikasih"
"00:33:17.450","00:33:18.750","4","Ada pilihan 5 bintang gitu"
"00:33:18.750","00:33:19.270","4","Berarti itu"
"00:33:19.270","00:33:22.450","4","Tidak terisal"
"00:33:22.450","00:33:23.370","4","Otomatis ya"
"00:33:23.370","00:33:25.170","4","Atau maksudnya langsung kita menilai"
"00:33:25.170","00:33:27.650","4","Berharga penilaian kita"
"00:33:27.650","00:33:29.410","4","Misalkan mau kasih bintang 3"
"00:33:29.410","00:33:30.110","4","Bintang 4"
"00:33:30.110","00:33:30.410","4","Itu"
"00:33:30.410","00:33:31.550","4","Tapi nggak ada"
"00:33:31.550","00:33:33.150","4","Tolak ukurnya ya"
"00:33:33.150","00:33:35.990","3","Kalau mau di otom"
"00:33:35.990","00:33:37.950","3","Kalau sekarang sih"
"00:33:37.950","00:33:38.490","3","Belum ya"
"00:33:38.490","00:33:39.170","3","Mas Hiram ya"
"00:33:39.170","00:33:40.770","1","Ya sebelum"
"00:33:40.770","00:33:42.870","1","Kalau otomatisnya itu"
"00:33:42.870","00:33:45.910","1","Nanti penilaian subjektif dulu"
"00:33:45.910","00:33:46.890","1","Di awal"
"00:33:46.890","00:33:49.050","1","Yang kemarin yang aku pikirnya"
"00:33:49.050","00:33:50.490","1","Perpertemuan"
"00:33:50.490","00:33:52.750","1","Dibikinkan penilaiannya"
"00:33:52.750","00:33:54.870","1","Jadi nanti dirata-ratakan"
"00:33:54.870","00:33:56.390","1","Di akhir gitu"
"00:33:56.390","00:33:59.850","1","Itu yang sih kemarin yang aku pikirkan"
"00:33:59.850","00:34:02.110","1","Ataupun mungkin"
"00:34:02.110","00:34:03.870","1","Tergantung dari"
"00:34:03.870","00:34:05.970","1","Inputan kayak gimana"
"00:34:05.970","00:34:08.030","1","Nanti kita bisa prosesin"
"00:34:08.030","00:34:09.150","1","Supaya bisa jadi trend"
"00:34:09.150","00:34:10.670","1","In fact"
"00:34:10.670","00:34:11.090","1","Begitu"
"00:34:11.090","00:34:20.870","4","Sebenarnya kalau"
"00:34:20.870","00:34:21.960","4","Di kami ya"
"00:34:21.960","00:34:23.590","4","Kalau untuk penilaian pelanggan itu ya"
"00:34:23.590","00:34:25.770","4","Yang biasa menjadi tolak ukur"
"00:34:25.770","00:34:26.530","4","Itu yang benar-benar biasa"
"00:34:26.530","00:34:28.310","4","Cara bayarnya"
"00:34:28.310","00:34:29.070","4","Misalkan di"
"00:34:29.070","00:34:30.420","4","Cara bayarnya kita"
"00:34:30.420","00:34:32.210","4","Setelah tagihan masuk"
"00:34:32.210","00:34:32.870","4","Maksimal"
"00:34:32.870","00:34:34.590","4","3 hari"
"00:34:34.590","00:34:35.960","4","Ternyata dia bayarnya"
"00:34:35.960","00:34:36.690","4","7 hari"
"00:34:36.690","00:34:38.550","4","Itu kan mengurangi penilaiannya"
"00:34:38.550","00:34:39.510","4","Terus yang kedua"
"00:34:39.510","00:34:40.250","4","Biasanya kalau"
"00:34:40.250","00:34:42.350","4","Harga yang kami tawarkan itu"
"00:34:42.350","00:34:43.070","4","Tidak nego"
"00:34:43.070","00:34:43.920","4","Tidak nego"
"00:34:43.920","00:34:44.810","4","Dan langsung berkontrak"
"00:34:44.810","00:34:46.290","4","Itu penilaiannya juga bagus"
"00:34:46.290","00:34:48.440","4","Kalau kita tawarkan harganya 10 ribu"
"00:34:48.440","00:34:49.920","4","Dia langsung oke"
"00:34:49.920","00:34:50.940","4","Dengan harga 10 ribu itu"
"00:34:50.940","00:34:51.890","4","Penilaiannya"
"00:34:51.890","00:34:52.890","4","Kategori"
"00:34:52.890","00:34:53.630","4","Sangat baik"
"00:34:53.630","00:34:54.230","4","Karena memang"
"00:34:54.230","00:34:56.050","4","Beratnya harganya itu"
"00:34:56.050","00:34:57.290","4","Masih sesuai dengan"
"00:34:57.290","00:34:58.550","4","Harapan kita"
"00:34:58.550","00:34:59.550","4","Tidak nego-nego lagi"
"00:34:59.550","00:35:00.090","4","Bahkan tidak"
"00:35:00.090","00:35:01.290","4","Tidak terlalu jauh"
"00:35:01.290","00:35:02.150","4","Itu sih biasa menjadi"
"00:35:02.150","00:35:04.150","4","Indikator penilaiannya"
"00:35:04.150","00:35:06.690","3","Nah yang penting"
"00:35:06.690","00:35:08.110","3","Fiturnya"
"00:35:08.110","00:35:09.170","3","Dimas Irham"
"00:35:09.170","00:35:09.830","3","Katanya kan"
"00:35:09.830","00:35:11.290","3","Tak jelasin untuk penilaian itu"
"00:35:11.290","00:35:11.750","3","Bisa"
"00:35:11.750","00:35:12.460","3","Key person"
"00:35:12.460","00:35:13.190","3","Key person"
"00:35:13.190","00:35:15.310","3","Bisa subjektif ya"
"00:35:15.310","00:35:16.460","3","Tadi secara manual"
"00:35:16.460","00:35:18.330","3","Nanti pada saat penilaian"
"00:35:18.330","00:35:20.290","3","Project"
"00:35:20.290","00:35:21.940","3","Dan pelanggannya"
"00:35:21.940","00:35:23.710","3","Itu"
"00:35:23.710","00:35:24.750","3","Maksud-maksud kan"
"00:35:24.750","00:35:25.550","3","Lewat perumusan yang"
"00:35:25.550","00:35:26.590","3","Standarnya kita ya"
"00:35:26.590","00:35:27.090","3","Maksudnya"
"00:35:27.090","00:35:28.250","3","Yang penting di mas"
"00:35:28.250","00:35:28.530","3","Irham"
"00:35:28.530","00:35:29.370","3","Muncul dulu"
"00:35:29.370","00:35:30.010","3","Itu dulu tuh"
"00:35:30.010","00:35:32.110","3","Muncul"
"00:35:32.110","00:35:33.030","3","Bahwa penilaiannya"
"00:35:33.030","00:35:34.030","3","Terhadap project"
"00:35:34.030","00:35:34.350","3","Dan"
"00:35:34.350","00:35:36.420","3","Pelanggan"
"00:35:36.420","00:35:37.530","3","Nanti"
"00:35:37.530","00:35:39.850","1","Inputannya"
"00:35:39.850","00:35:40.770","3","Inputannya"
"00:35:40.770","00:35:41.830","3","Untuk penilaian"
"00:35:41.830","00:35:42.980","3","Project dan pelanggan itu"
"00:35:42.980","00:35:44.630","3","Apakah bisa subjektif"
"00:35:44.630","00:35:45.590","3","Tadi"
"00:35:45.590","00:35:46.710","3","Klik manual"
"00:35:46.710","00:35:48.420","3","Dan data"
"00:35:48.420","00:35:49.270","3","Perumusan yang"
"00:35:49.270","00:35:50.650","3","Standarnya kita"
"00:35:50.650","00:35:51.550","3","Yang Masul"
"00:35:51.550","00:35:52.170","3","Biasa buat"
"00:35:52.170","00:35:53.440","3","Itu yang nanti"
"00:35:53.440","00:35:54.630","3","Kita informasikan ke Mas"
"00:35:54.630","00:35:56.590","3","Itu"
"00:35:56.590","00:35:57.670","3","Atau mungkin dari sekarang"
"00:35:57.670","00:35:59.070","3","Mau diinformasikan ke Mas"
"00:35:59.070","00:35:59.370","3","Irham"
"00:35:59.370","00:36:00.610","3","Cara penilaian kita"
"00:36:00.610","00:36:01.550","3","Rumutannya seperti apa"
"00:36:01.550","00:36:02.460","3","Itu bisa gitu"
"00:36:02.460","00:36:03.610","3","Jadi nanti"
"00:36:03.610","00:36:04.750","3","Bintangnya otomatis"
"00:36:04.750","00:36:05.730","3","Misal ada"
"00:36:05.730","00:36:06.670","3","Kan kita ada scoring"
"00:36:06.670","00:36:07.420","3","Ada kategori"
"00:36:07.420","00:36:07.810","3","Dan ada"
"00:36:07.810","00:36:09.090","3","Ada kategori juga ya"
"00:36:09.090","00:36:09.570","3","Masul ya"
"00:36:09.570","00:36:10.980","1","Ada baik"
"00:36:10.980","00:36:12.150","3","Sama istimewa"
"00:36:12.150","00:36:12.810","3","Misal istimewa"
"00:36:12.810","00:36:13.730","3","Berarti kan bintang 5"
"00:36:13.730","00:36:15.410","3","Baik berarti bintangnya 4"
"00:36:15.410","00:36:17.190","3","Nanti ada keterangan"
"00:36:17.190","00:36:17.530","3","Tapi"
"00:36:17.530","00:36:18.790","3","Penilaiannya kan"
"00:36:18.790","00:36:20.290","3","Kalau dari sisi kita"
"00:36:20.290","00:36:21.710","3","Terhadap project dan pelanggannya itu"
"00:36:21.710","00:36:23.230","3","Eh terhadap pelanggannya"
"00:36:23.230","00:36:24.350","3","Khusususnya terhadap pelanggannya"
"00:36:24.350","00:36:24.670","3","Adalah"
"00:36:24.670","00:36:26.650","3","Ada rumusannya gitu ya"
"00:36:26.650","00:36:27.070","3","Masul ya"
"00:36:27.070","00:36:27.890","4","Oh pelanggan"
"00:36:27.890","00:36:28.590","4","Oh ya terhadap"
"00:36:28.590","00:36:29.830","4","Ya ada rumusannya"
"00:36:29.830","00:36:30.310","4","Kalau kita"
"00:36:30.310","00:36:31.830","3","Ada indikatornya"
"00:36:31.830","00:36:33.610","3","Standar penilaiannya"
"00:36:33.610","00:36:35.210","3","Ya itu mungkin rumusannya"
"00:36:35.210","00:36:36.460","3","Bisa disampaikan aja nanti"
"00:36:36.460","00:36:37.610","3","Biar nanti Mas Hiram"
"00:36:37.610","00:36:39.090","3","Kasih fitur itu"
"00:36:39.090","00:36:40.770","3","Dan sudah ada"
"00:36:40.770","00:36:41.230","3","Ngeling gitu"
"00:36:41.230","00:36:41.750","3","Kesana itu"
"00:36:41.750","00:36:42.460","3","Bagus"
"00:36:42.460","00:36:47.350","4","Bisa sih"
"00:36:47.350","00:36:49.530","4","Ya"
"00:36:49.530","00:36:54.830","4","Setelah mungkin kontrak berhasil"
"00:36:54.830","00:36:55.480","4","Baru muncul"
"00:36:55.480","00:36:56.630","4","Pilihan itu"
"00:36:56.630","00:36:58.230","4","Kan kan kalau tidak berhasil"
"00:36:58.230","00:36:59.090","4","Itu tidak"
"00:36:59.090","00:37:00.390","4","Tidak perlu dinilai"
"00:37:00.390","00:37:01.530","3","Betul"
"00:37:01.530","00:37:02.960","3","Proyeknya harus berhasil dulu"
"00:37:02.960","00:37:04.650","4","Setelah kontrak berhasil"
"00:37:04.650","00:37:08.210","1","Baru lanjut ke menu"
"00:37:08.210","00:37:09.170","3","Penilaian"
"00:37:09.170","00:37:09.730","3","Penilaian"
"00:37:09.730","00:37:11.350","3","Betul"
"00:37:11.350","00:37:18.870","4","Mungkin sementara"
"00:37:18.870","00:37:19.910","4","Dijalankan aja dulu Mas"
"00:37:19.910","00:37:21.230","4","Yang tadi yang diminta Mas Fari"
"00:37:21.230","00:37:21.960","4","Kalau saya nanti"
"00:37:21.960","00:37:24.420","4","Saya buatkan sendiri apa-apa"
"00:37:24.420","00:37:25.150","4","Kategori nanti"
"00:37:25.150","00:37:26.210","4","Kirim ke Mas Samir"
"00:37:26.210","00:37:27.590","4","Tidak perlu"
"00:37:27.590","00:37:28.650","4","Seperti ini"
"00:37:28.650","00:37:29.750","4","Saya buatkan di"
"00:37:29.750","00:37:32.350","4","Supaya ini ada"
"00:37:32.350","00:37:33.290","4","Ada"
"00:37:33.290","00:37:35.730","4","Ada bayanglah"
"00:37:35.730","00:37:36.440","4","Seperti ini"
"00:37:36.440","00:37:39.050","4","Tolak ukurnya"
"00:37:39.050","00:37:39.890","4","Penilaiannya"
"00:37:39.890","00:38:02.150","3","Oke"
"00:38:02.150","00:38:02.370","3","Oke"
"00:38:02.370","00:38:02.910","3","Kalau cukup"
"00:38:02.910","00:38:03.810","3","Mas Sirham"
"00:38:03.810","00:38:04.570","3","Terima kasih banyak"
"00:38:04.570","00:38:05.370","3","Sama tim ini"
"00:38:05.370","00:38:06.940","3","Ada timnya"
"00:38:06.940","00:38:07.910","3","Dengan Pak Siapa"
"00:38:07.910","00:38:11.690","3","Siap Pak Rizky"
"00:38:11.690","00:38:12.330","3","Mas Rizky"
"00:38:12.330","00:38:13.070","3","Terima kasih banyak"
"00:38:13.070","00:38:13.770","3","Waktunya"
"00:38:13.770","00:38:15.810","3","Siap-siap Pak"
"00:38:15.810","00:38:16.250","","Terima kasih"
"00:38:16.250","00:38:17.250","3","Siap"
"00:38:17.250","00:38:18.510","3","Langsung ditindaklanjuti aja"
"00:38:18.510","00:38:19.290","3","Mas Sirham ya"
"00:38:19.290","00:38:20.350","3","Khususnya tadi"
"00:38:20.350","00:38:21.440","3","Yang proposal sama"
"00:38:21.440","00:38:22.980","3","Draft kontrak mungkin"
"00:38:22.980","00:38:25.940","4","Iya"
"00:38:25.940","00:38:27.290","4","Supaya lebih semangat kerjanya"
"00:38:27.290","00:38:28.050","4","Iya"
"00:38:28.050","00:38:29.150","3","Lebih profesional itu"
"00:38:29.150","00:38:30.530","3","Kita yang agak enak juga"
"00:38:30.530","00:38:31.050","3","Mas Sirham"
"00:38:31.050","00:38:32.370","3","Mas Sirham udah membuatkan"
"00:38:32.370","00:38:33.110","3","Mantap sekali"
"00:38:33.110","00:38:34.440","3","Kita udah bintang banyak ini"
"00:38:34.440","00:38:35.420","4","Belum ada apa-apa ini"
"00:38:35.420","00:38:36.050","4","Betul"
"00:38:36.050","00:38:36.690","3","Kita udah"
"00:38:36.690","00:38:37.870","3","Kita takutnya"
"00:38:37.870","00:38:38.420","3","Mas Zolim gitu ya"
"00:38:38.420","00:38:39.670","3","Mas Mas Dantim udah"
"00:38:39.670","00:38:40.910","3","Lembur ya kan"
"00:38:40.910","00:38:43.190","3","Kita gitu aja"
"00:38:43.190","00:38:43.980","3","Mas biasa sama-sama enak"
"00:38:43.980","00:38:44.650","3","Mas Agung"
"00:38:44.650","00:38:45.350","3","Masuk ini"
"00:38:45.350","00:38:46.420","3","Selat kau"
"00:38:46.420","00:38:49.890","4","Sorry-sorry"
"00:38:49.890","00:38:51.480","4","Baterainya Lopet"
"00:38:51.480","00:38:52.790","4","Baru kebuka"
"00:38:52.790","00:38:53.370","4","Ini baru"
"00:38:53.370","00:38:54.420","4","Masuk semua"
"00:38:54.420","00:38:55.420","3","Baterai HP"
"00:38:55.420","00:38:56.270","3","Atau batai orangnya"
"00:38:56.270","00:38:57.050","3","Ini Lopet"
"00:38:57.050","00:38:59.920","3","Enggak lagi jalan"
"00:38:59.920","00:39:00.440","","Ini bos"
"00:39:00.440","00:39:01.090","","Aman bos"
"00:39:01.090","00:39:01.870","3","Ya"
"00:39:01.870","00:39:02.530","3","Ya wes"
"00:39:02.530","00:39:02.870","3","Ya"
"00:39:02.870","00:39:04.510","1","Lanjut-lanjut"
"00:39:04.510","00:39:05.110","1","Silahkan"
"00:39:05.110","00:39:05.650","1","Siap"
"00:39:05.650","00:39:06.090","3","Siap"
"00:39:06.090","00:39:07.090","3","Ini udah"
"00:39:07.090","00:39:07.670","3","Mau selesai"
"00:39:07.670","00:39:08.330","3","Mas Agung"
"00:39:08.330","00:39:10.170","3","Intinya"
"00:39:10.170","00:39:11.190","3","Pokoknya mantap lah"
"00:39:11.190","00:39:11.750","3","Mas Agung"
"00:39:11.750","00:39:12.290","3","Pasti happy"
"00:39:12.290","00:39:13.480","3","Nanti lihat webnya"
"00:39:13.480","00:39:14.790","3","Mas Sirham"
"00:39:14.790","00:39:15.420","3","Tadi poinnya"
"00:39:15.420","00:39:16.460","3","Segera ditindaklanjuti"
"00:39:16.460","00:39:16.890","3","Itu aja"
"00:39:16.890","00:39:17.670","3","Mas Sirham"
"00:39:17.670","00:39:18.270","3","Dan mas"
"00:39:18.270","00:39:20.510","1","Jostis lah pokoknya"
"00:39:20.510","00:39:20.690","","Jostis lah pokoknya"
"00:39:20.690","00:39:23.310","3","Jostis ya benar"
"00:39:23.310","00:39:24.030","","Ya"
"00:39:24.030","00:39:25.940","3","Oke"
"00:39:25.940","00:39:27.090","3","Gitu Mas Sirham"
"00:39:27.090","00:39:29.130","1","Masih banyak"
"00:39:29.130","00:39:29.980","1","Pak Karim"
"00:39:29.980","00:39:30.650","1","Pak"
"00:39:30.650","00:39:32.530","1","Pak Karim"
"00:39:32.530","00:39:33.290","1","Pak Karim"
"00:39:33.290","00:39:36.750","3","Terima kasih"
"00:39:36.750","00:39:38.440","3","Liv ya"
"00:39:38.440","00:39:38.870","3","Pak"
"00:39:38.870","00:39:40.650","1","Assalamualaikum"
"00:39:40.650","00:39:41.590","3","Assalamualaikum"
"00:39:41.590","00:39:42.420","3","Assalamualaikum"